[
    {
        "name": "Algiers",
        "wikipediaLink": "Algiers",
        "frName": "Alger",
        "frWikipediaLink": "Alger",
        "capital": true,
        "image": "dz.png",
        "country": {
            "name": "Algeria",
            "code": "DZ"
        },
        "continent": {
            "name": "Africa",
            "code": "AF"
        }
    },
    {
        "name": "Andorra la Vella",
        "wikipediaLink": "Andorra_la_Vella",
        "frName": "Andorre-la-Vieille",
        "frWikipediaLink": "Andorre-la-Vieille",
        "capital": true,
        "image": "ad.png",
        "country": {
            "name": "Andorra",
            "code": "AD"
        },
        "continent": {
            "name": "Europe",
            "code": "EU"
        }
    },
    {
        "name": "Chicago",
        "wikipediaLink": "Chicago",
        "frName": "Chicago",
        "frWikipediaLink": "Chicago",
        "capital": false,
        "image": "us.png",
        "country": {
            "name": "United States",
            "code": "US"
        },
        "continent": {
            "name": "North America",
            "code": "NA"
        }
    },
    {
        "name": "Detroit",
        "wikipediaLink": "Detroit",
        "frName": "Détroit",
        "frWikipediaLink": "Détroit_(Michigan)",
        "capital": true,
        "image": "us.png",
        "country": {
            "name": "United States",
            "code": "US"
        },
        "continent": {
            "name": "North America",
            "code": "NA"
        }
    },
    {
        "name": "Fresno",
        "wikipediaLink": "Fresno,_California",
        "frName": "Fresno",
        "frWikipediaLink": "Fresno_(Californie)",
        "capital": true,
        "image": "us.png",
        "country": {
            "name": "United States",
            "code": "US"
        },
        "continent": {
            "name": "North America",
            "code": "NA"
        }
    },
    {
        "name": "Kabul",
        "wikipediaLink": "Kabul",
        "frName": "Kaboul",
        "frWikipediaLink": "Kaboul",
        "capital": true,
        "image": "af.png",
        "country": {
            "name": "Afghanistan",
            "code": "AF"
        },
        "continent": {
            "name": "Asia",
            "code": "AS"
        }
    },
    {
        "name": "Los Angeles",
        "wikipediaLink": "Los_Angeles",
        "frName": "Los Angeles",
        "frWikipediaLink": "Los_Angeles",
        "capital": false,
        "image": "us.png",
        "country": {
            "name": "United States",
            "code": "US"
        },
        "continent": {
            "name": "North America",
            "code": "NA"
        }
    },
    {
        "name": "Modesto",
        "wikipediaLink": "Modesto,_California",
        "frName": "Modesto",
        "frWikipediaLink": "Modesto_(Californie)",
        "capital": false,
        "image": "us.png",
        "country": {
            "name": "United States",
            "code": "US"
        },
        "continent": {
            "name": "North America",
            "code": "NA"
        }
    },
    {
        "name": "New York",
        "wikipediaLink": "New_York_City",
        "frName": "New York",
        "frWikipediaLink": "New_York",
        "capital": false,
        "image": "us.png",
        "country": {
            "name": "United States",
            "code": "US"
        },
        "continent": {
            "name": "North America",
            "code": "NA"
        }
    },
    {
        "name": "Saint Helier",
        "wikipediaLink": "Saint_Helier",
        "frName": "Saint-Hélier",
        "frWikipediaLink": "Saint-Hélier",
        "capital": false,
        "image": "je.png",
        "country": {
            "name": "Jersey",
            "code": "JE"
        },
        "continent": {
            "name": "Europe",
            "code": "EU"
        }
    },
    {
        "name": "Stockholm",
        "wikipediaLink": "Stockholm",
        "frName": "Stockholm",
        "frWikipediaLink": "Stockholm",
        "capital": false,
        "image": "se.png",
        "country": {
            "name": "Sweden",
            "code": "SE"
        },
        "continent": {
            "name": "Europe",
            "code": "EU"
        }
    },
    {
        "name": "Syracus",
        "wikipediaLink": "Syracuse,_New_York",
        "frName": "Syracuse",
        "frWikipediaLink": "Syracuse_(New_York)",
        "capital": false,
        "image": "us.png",
        "country": {
            "name": "United States",
            "code": "US"
        },
        "continent": {
            "name": "North America",
            "code": "NA"
        }
    },
    {
        "name": "Tirana",
        "wikipediaLink": "Tirana",
        "frName": "Tirana",
        "frWikipediaLink": "Tirana",
        "capital": true,
        "image": "al.png",
        "country": {
            "name": "Albania",
            "code": "AL"
        },
        "continent": {
            "name": "Europe",
            "code": "EU"
        }
    },
    {
        "name": "Winterset",
        "wikipediaLink": "Winterset",
        "frName": "Winterset",
        "frWikipediaLink": "Winterset",
        "capital": false,
        "image": "us.png",
        "country": {
            "name": "United States",
            "code": "US"
        },
        "continent": {
            "name": "North America",
            "code": "NA"
        }
    }
]